ts,source,symbol,side,rsi_value,change_24h,oracle_type,btc_bias,entry_price,f_strength,f_chase,f_regime,confirm_would_fire,confluence_count,repeat_n,adx_value,adx_regime,btc_adx_regime,decision,outcome,ret_pct,r_mult,mfe_pct,mae_pct,hours,confirm_fired,confirm_outcome,confirm_r
2026-06-06T05:26:11.311262-05:00,rsi_extreme,ALLO-USDT,sell,90.3,95.24,,bear,0.3697,True,False,True,,,1,,,,enter,tp_then_be,2.5,0.5,6.63,2.359,0.2,yes,tp_then_be,0.5
2026-06-06T05:35:50.699091-05:00,rsi_extreme,BLUAI-USDT,sell,90.4,57.58,,bear,0.0200,True,False,True,,,1,,,,enter,tp_then_be,2.5,0.5,7.255,1.63,0.8,yes,tp_then_be,0.5
2026-06-06T07:31:32.222865-05:00,rsi_extreme,ALLO-USDT,sell,91.1,101.57,,bull,0.3911,True,False,False,,,2,,,,enter,loss_sl,-5.0,-1.0,3.925,7.98,0.4,yes,loss_sl,-1.0
2026-06-06T11:06:43.020847-05:00,rsi_extreme,ALLO-USDT,sell,90.1,137.98,,bull,0.4517,True,False,False,,,3,,,,enter,tp_then_be,2.5,0.5,6.67,2.429,0.8,yes,tp_then_be,0.5
2026-06-06T13:06:49.613903-05:00,rsi_extreme,ALLO-USDT,sell,90.0,123.24,,bull,0.4543,True,False,False,,,4,,,,enter,loss_sl,-5.0,-1.0,4.55,5.518,2.8,yes,loss_sl,-1.0
2026-06-06T13:36:28.303713-05:00,rsi_extreme,SKYAI1-USDT,sell,90.1,76.74,,bull,0.3261,True,False,False,,,1,,,,enter,tp_then_be,2.5,0.5,7.728,3.925,0.2,yes,tp_then_be,0.5
2026-06-06T15:36:17.040884-05:00,rsi_extreme,SKYAI1-USDT,sell,91.8,86.13,,,0.3516,True,False,,,,2,,,,enter,win_full,7.5,1.5,10.41,4.283,0.7,yes,tp_then_be,0.5
2026-06-06T19:45:34.319733-05:00,rsi_extreme,BLESS-USDT,sell,92.4,66.13,,,0.007102,True,False,,,,1,,,,enter,win_full,7.5,1.5,14.024,1.408,0.1,yes,win_full,1.5
2026-06-07T04:01:00.217849-05:00,oraclealgo,BTC-USDT,buy,,,,,62752.6,,,,,1,1,,,,no_bias,loss_sl,-1.5,-1.0,0.245,1.716,3.5,,,
2026-06-07T11:45:23.789640-05:00,rsi_extreme,VELVET-USDT,sell,90.4,47.41,,,0.2757,True,False,,,,1,,,,enter,win_full,7.5,1.5,10.711,0.0,0.1,yes,win_full,1.5
2026-06-07T12:41:22.858131-05:00,oraclealgo,BTC-USDT,sell,,,,,62205.4,,,,,1,2,,,,no_bias,loss_sl,-1.5,-1.0,1.653,2.462,4.5,,,
2026-06-07T15:00:59.807511-05:00,oraclealgo,BTC-USDT,sell,,,MSS,,61199.6,,,,,1,3,,,,no_bias,loss_sl,-1.5,-1.0,0.0,4.146,2.2,,,
2026-06-07T18:00:54.280804-05:00,oraclealgo,BTC-USDT,buy,,,MSS,,62929.0,,,,,1,4,,,,no_bias,tp_then_be,1.0,0.667,2.04,0.839,25.3,,,
2026-06-08T06:04:14.003558-05:00,rsi_extreme,MOVE-USDT,sell,91.1,37.79,,,0.0163,True,False,,,,1,,,,enter,win_full,7.5,1.5,10.736,3.558,1.3,yes,tp_then_be,0.5
2026-06-08T12:10:11.563692-05:00,rsi_extreme,VELVET-USDT,sell,90.2,53.48,,,0.3939,True,False,,,,1,,,,enter,win_full,7.5,1.5,11.907,0.856,0.2,yes,win_full,1.5
2026-06-08T21:19:10.207959-05:00,rsi_extreme,SAHARA-USDT,buy,14.9,-47.41,,,0.0202,True,False,,,,1,,,,enter,loss_sl,-5.0,-1.0,70.545,11.04,0.0,yes,loss_sl,-1.0
2026-06-08T23:20:49.151423-05:00,rsi_extreme,SAHARA-USDT,buy,11.8,-60.15,,,0.0152,True,False,,,,2,,,,enter,loss_sl,-5.0,-1.0,0.066,6.053,0.2,no,,
2026-06-09T01:20:17.565014-05:00,rsi_extreme,SAHARA-USDT,buy,14.9,-56.07,,,0.0161,True,False,,,,3,,,,enter,win_full,7.5,1.5,12.919,1.863,3.4,yes,win_full,1.5
2026-06-09T09:00:51.403133-05:00,oraclealgo,BTC-USDT,sell,,,MSS,,62305.0,,,,,1,1,,,,no_bias,tp_then_be,1.0,0.667,2.521,0.138,23.7,,,
2026-06-09T10:01:25.958954-05:00,oraclealgo,BTC-USDT,sell,,,,,61371.1,,,,,1,2,,,,no_bias,loss_sl,-1.5,-1.0,1.038,1.635,22.7,,,
2026-06-10T07:10:50.020188-05:00,rsi_extreme,HMSTR-USDT,sell,90.2,30.42,,,0.000224,True,False,,,,1,,,,enter,tp_then_be,2.5,0.5,6.25,3.259,0.7,yes,tp_then_be,0.5
2026-06-10T09:21:25.971958-05:00,rsi_extreme,HMSTR-USDT,sell,90.5,38.47,,,0.000241,True,False,,,,2,,,,enter,loss_sl,-5.0,-1.0,1.162,5.934,0.2,yes,loss_sl,-1.0
2026-06-10T11:01:30.811115-05:00,oraclealgo,BTC-USDT,buy,,,,bull,62522.6,,,,,1,1,,,,enter,loss_sl,-1.5,-1.0,0.198,1.622,5.2,,,
2026-06-10T11:20:37.467427-05:00,rsi_extreme,HMSTR-USDT,sell,94.5,44.5,,bull,0.000253,True,False,False,,,3,,,,enter,loss_sl,-5.0,-1.0,0.0,5.059,0.6,no,,
2026-06-10T21:10:28.695462-05:00,rsi_extreme,AIO-USDT,sell,91.7,86.69,,,0.2022,True,False,,,,1,,,,enter,loss_sl,-5.0,-1.0,2.418,5.104,0.2,yes,loss_sl,-1.0
2026-06-11T04:00:58.518825-05:00,oraclealgo,BTC-USDT,buy,,,MSS,stale-bull,62898.6,,,,,1,2,,,,no_bias,open,2.249,1.499,2.949,0.88,72.0,,,
2026-06-11T11:33:35.081994-05:00,rsi_extreme,TRX-USDT,buy,14.6,-2.91,,,0.31552,True,True,,,,1,18.9,ranging_calm,bear_indecisive,enter,open,0.954,0.191,1.287,1.467,72.0,yes,open,0.09
2026-06-12T02:00:18.697086-05:00,oraclealgo,BTC-USDT,sell,,,MSS,stale-bull,62958.0,,,,,1,2,,,bear_ranging_calm,no_bias,loss_sl,-1.5,-1.0,0.006,1.607,2.5,,,
2026-06-12T05:35:44.505366-05:00,rsi_extreme,TRUMP-USDT,sell,90.3,28.09,,,2.177,True,False,,,,1,40.0,trending_strong,bear_ranging_calm,enter,tp_then_be,2.5,0.5,9.463,1.424,13.2,yes,tp_then_be,0.5
2026-06-12T21:47:47.561674-05:00,rsi_extreme,SIREN-USDT,buy,14.9,-30.39,,,0.3444,True,False,,,,1,40.9,trending_strong,bear_ranging_calm,enter,loss_sl,-5.0,-1.0,2.991,6.591,0.0,yes,loss_sl,-1.0
2026-06-12T23:48:49.669582-05:00,rsi_extreme,SIREN-USDT,buy,8.8,-56.89,,,0.2089,True,False,,,,2,48.9,trending_strong,bear_ranging_calm,repeat_alert,loss_sl,-5.0,-1.0,3.159,7.563,0.1,yes,loss_sl,-1.0
2026-06-13T00:26:37.086623-05:00,rsi_extreme,AXL-USDT,sell,90.0,21.85,,,0.0519,True,False,,,,1,,,bear_ranging_calm,enter,no_data,,,,,,,,
2026-06-13T01:48:40.266685-05:00,rsi_extreme,SIREN-USDT,buy,10.8,-67.06,,,0.1623,True,False,,,,3,54.5,trending_strong,bear_ranging_calm,repeat_alert,loss_sl,-5.0,-1.0,2.095,22.551,0.1,yes,loss_sl,-1.0
2026-06-13T03:49:39.683099-05:00,rsi_extreme,SIREN-USDT,buy,14.5,-73.05,,,0.1346,True,False,,,,4,61.0,trending_strong,bear_ranging_calm,repeat_alert,loss_sl,-5.0,-1.0,4.532,5.201,0.1,yes,loss_sl,-1.0
2026-06-13T05:50:46.806269-05:00,rsi_extreme,SIREN-USDT,buy,14.3,-75.7,,,0.123,True,False,,,,5,64.0,trending_strong,bear_ranging_calm,repeat_alert,tp_then_be,2.5,0.5,9.593,4.309,10.3,yes,tp_then_be,0.5
2026-06-13T06:01:21.884078-05:00,oraclealgo,BTC-USDT,buy,,,MSS,stale-bull,63803.5,,,,,1,1,,,bear_ranging_calm,no_bias,win_full,3.0,2.0,4.043,0.185,48.4,,,
2026-06-13T07:51:45.720187-05:00,rsi_extreme,SIREN-USDT,buy,14.4,-75.23,,,0.1248,True,False,,,,6,64.8,trending_strong,bear_ranging_calm,repeat_alert,tp_then_be,2.5,0.5,7.051,1.122,1.6,yes,tp_then_be,0.5
2026-06-13T09:10:10.907718-05:00,rsi_extreme,TAO-USDT,sell,90.0,21.87,,,259.89,True,False,,,,1,43.9,trending_strong,bear_ranging_calm,enter,loss_sl,-5.0,-1.0,1.497,5.776,3.2,yes,loss_sl,-1.0
2026-06-13T17:00:09.447964-05:00,oraclealgo,BTC-USDT,buy,,,BOS,stale-bull,64441.4,,,,,1,2,,,bear_ranging_calm,no_bias,win_full,3.0,2.0,4.34,1.173,41.8,,,
2026-06-13T17:42:53.558989-05:00,rsi_extreme,SIREN-USDT,buy,15.0,-76.12,,,0.1158,True,False,,,,7,71.6,trending_strong,bear_ranging_calm,repeat_alert,win_full,7.5,1.5,10.104,0.0,1.7,yes,win_full,1.5
2026-06-13T18:01:37.563936-05:00,rsi_extreme,KAITO-USDT,sell,91.2,16.93,,,0.4876,True,False,,,,1,48.8,trending_strong,bear_ranging_calm,enter,win_full,7.5,1.5,11.813,1.846,9.7,no,,
2026-06-14T03:21:04.234389-05:00,rsi_extreme,TSTBSC-USDT,buy,13.8,-18.38,,,0.014,True,False,,,,1,30.8,trending_strong,bear_ranging_calm,enter,win_full,7.5,1.5,10.093,2.164,1.8,yes,win_full,1.5
2026-06-14T06:09:01.794851-05:00,rsi_extreme,SIREN-USDT,buy,14.9,-47.1,,,0.068,True,False,,,,3,62.6,trending_strong,bear_ranging_calm,repeat_alert,win_full,7.5,1.5,45.882,0.0,0.1,yes,win_full,1.5
2026-06-14T08:10:29.505772-05:00,rsi_extreme,ZKC-USDT,sell,90.0,33.26,,,0.065,True,False,,,,1,51.7,trending_strong,bear_ranging_calm,enter,loss_sl,-5.0,-1.0,0.0,12.154,0.0,yes,loss_sl,-1.0
2026-06-14T08:20:58.599778-05:00,rsi_extreme,SIREN-USDT,buy,15.0,-50.14,,,0.0639,True,False,,,,3,56.0,trending_strong,bear_ranging_calm,repeat_alert,win_full,7.5,1.5,72.457,0.0,0.1,yes,win_full,1.5
2026-06-14T10:00:26.574721-05:00,oraclealgo,BTC-USDT,sell,,,MSS,stale-bull,64016.1,,,,,1,2,,,bear_ranging_calm,no_bias,loss_sl,-1.5,-1.0,0.516,1.523,6.6,,,
2026-06-14T10:39:47.799138-05:00,rsi_extreme,SIREN-USDT,buy,15.0,-54.87,,,0.058,True,False,,,,4,55.7,trending_strong,bear_ranging_calm,repeat_alert,win_full,7.5,1.5,70.69,0.0,0.1,yes,win_full,1.5
2026-06-14T12:07:19.271918-05:00,rsi_extreme,EVAA-USDT,sell,90.0,52.37,,,0.5938,True,False,,,,1,56.6,trending_strong,bear_ranging_calm,enter,loss_sl,-5.0,-1.0,1.229,6.265,0.0,yes,loss_sl,-1.0
2026-06-14T13:00:43.412854-05:00,oraclealgo,BTC-USDT,sell,,,,stale-bull,63720.1,,,,,1,3,,,bear_ranging_calm,no_bias,loss_sl,-1.5,-1.0,0.054,1.955,3.2,,,
2026-06-14T13:26:47.873277-05:00,rsi_extreme,SIREN-USDT,buy,15.0,-60.4,,,0.0505,True,False,,,,5,58.3,trending_strong,bear_ranging_calm,repeat_alert,win_full,7.5,1.5,82.376,0.0,0.1,yes,win_full,1.5
2026-06-14T14:06:53.431756-05:00,rsi_extreme,EVAA-USDT,sell,90.9,58.43,,,0.6334,True,False,,,,2,57.8,trending_strong,bear_ranging_calm,repeat_alert,loss_sl,-5.0,-1.0,0.853,6.394,0.1,yes,loss_sl,-1.0
2026-06-14T15:27:08.583486-05:00,rsi_extreme,SIREN-USDT,buy,13.2,-66.88,,bear,0.0421,True,False,False,,,6,58.0,trending_strong,bear_ranging_calm,repeat_alert,win_full,7.5,1.5,123.04,0.0,0.1,yes,win_full,1.5
2026-06-14T15:28:30.248070-05:00,rsi_extreme,PUFFER-USDT,sell,91.6,48.65,,bear,0.0215,True,False,True,,,1,61.7,trending_strong,bear_ranging_calm,enter,win_full,7.5,1.5,11.767,4.837,1.4,yes,win_full,1.5
2026-06-14T16:07:21.201945-05:00,rsi_extreme,EVAA-USDT,sell,94.6,82.29,,bear,0.7206,True,False,True,,,3,60.5,trending_strong,bear_ranging_calm,repeat_alert,loss_sl,-5.0,-1.0,2.581,10.519,0.5,yes,loss_sl,-1.0
2026-06-14T17:00:54.318545-05:00,oraclealgo,BTC-USDT,buy,,,,bear,65313.9,,,,,1,3,,,bear_ranging_calm,counter_bias,tp_then_be,1.0,0.667,3.037,0.557,57.8,,,
2026-06-14T17:00:54.866569-05:00,oraclealgo,BTC-USDT,buy,,,MSS,bear,65313.9,,,,,2,4,,,bear_ranging_calm,counter_bias,tp_then_be,1.0,0.667,3.037,0.557,57.8,,,
2026-06-14T17:28:10.585468-05:00,rsi_extreme,SIREN-USDT,buy,12.3,-66.61,,bear,0.0404,True,False,False,,,7,60.4,trending_strong,bear_ranging_calm,repeat_alert,win_full,7.5,1.5,106.436,0.0,0.1,yes,win_full,1.5
2026-06-14T17:41:49.059364-05:00,rsi_extreme,OPG-USDT,sell,90.3,73.79,,bear,0.305,True,False,True,,,1,58.0,trending_strong,bear_ranging_calm,enter,loss_sl,-5.0,-1.0,2.656,5.803,0.5,yes,loss_sl,-1.0
2026-06-14T19:09:42.631180-05:00,rsi_extreme,XAG-USDT,sell,90.0,3.29,,bull,70.4,True,True,False,,,1,,,bear_indecisive,enter,no_data,,,,,,,,
2026-06-14T19:52:11.022698-05:00,rsi_extreme,OPG-USDT,sell,90.0,74.87,,bull,0.3125,True,False,False,,,2,61.6,trending_strong,bear_indecisive,repeat_alert,tp_then_be,2.5,0.5,5.024,8.8,0.6,yes,loss_sl,-1.0
2026-06-14T23:50:09.931553-05:00,rsi_extreme,ZRO-USDT,sell,90.1,11.61,,bull,1.05,True,True,False,,,1,35.3,trending_strong,bull_indecisive,enter,loss_sl,-5.0,-1.0,0.467,5.533,6.1,no,,
2026-06-15T02:12:18.228115-05:00,rsi_extreme,ZRO-USDT,sell,90.1,15.55,,bull,1.07,True,False,False,,,2,46.3,trending_strong,bull_indecisive,repeat_alert,loss_sl,-5.0,-1.0,1.888,8.701,4.4,yes,loss_sl,-1.0
2026-06-15T05:07:50.162184-05:00,rsi_extreme,AAVE-USDT,sell,90.0,11.31,,,73.84,True,True,,,,1,54.2,trending_strong,bull_indecisive,enter,loss_sl,-5.0,-1.0,1.083,5.065,5.8,yes,loss_sl,-1.0
2026-06-15T06:37:29.595609-05:00,rsi_extreme,ZRO-USDT,sell,90.6,24.35,,,1.16,True,False,,,,3,54.8,trending_strong,bull_indecisive,repeat_alert,loss_sl,-5.0,-1.0,4.853,5.448,3.4,yes,loss_sl,-1.0
2026-06-15T17:20:51.619826-05:00,rsi_extreme,XRP-USDT,sell,90.5,12.98,,,1.249,True,False,,,,1,60.6,trending_strong,bull_trending_moderate,enter,open,6.611,1.322,9.271,0.56,72.0,yes,open,1.276
2026-06-15T17:20:57.002624-05:00,rsi_extreme,XLM-USDT,sell,90.3,24.31,,,0.217,True,False,,,,1,56.6,trending_strong,bull_trending_moderate,enter,loss_sl,-5.0,-1.0,3.963,5.963,13.8,yes,loss_sl,-1.0
2026-06-15T17:21:01.550540-05:00,rsi_extreme,ETH-USDT,sell,90.8,10.9,,,1807.61,True,True,,,,1,54.9,trending_strong,bull_trending_moderate,enter,open,5.368,1.074,7.514,1.776,72.0,yes,open,1.026
2026-06-15T17:21:04.383478-05:00,rsi_extreme,ZRO-USDT,sell,91.4,29.34,,,1.19,True,False,,,,4,53.3,trending_strong,bull_trending_moderate,repeat_alert,tp_then_be,2.5,0.5,9.655,0.059,13.0,yes,tp_then_be,0.5
2026-06-15T22:00:59.592118-05:00,oraclealgo,BTC-USDT,sell,,,,htf_bull,65668.8,,,,,1,1,,,bull_trending_moderate,counter_bias,loss_sl,-1.5,-1.0,0.025,1.994,5.8,,,
2026-06-16T12:52:06.174201-05:00,rsi_extreme,SENT-USDT,sell,90.2,33.46,,bear,0.0203,True,False,True,,,1,54.1,trending_strong,bull_trending_moderate,enter,loss_sl,-5.0,-1.0,2.611,5.271,2.0,yes,loss_sl,-1.0
2026-06-16T14:53:33.859348-05:00,rsi_extreme,SENT-USDT,sell,91.5,40.23,,bear,0.0209,True,False,True,,,2,58.8,trending_strong,bull_trending_moderate,repeat_alert,win_full,7.5,1.5,10.0,2.249,5.6,yes,win_full,1.5
2026-06-17T05:13:49.743607-05:00,oraclealgo,BTC-USDT,sell,,,MSS,stale-bear,64863.1,,,,,1,1,,,bull_indecisive,no_bias,loss_sl,-1.5,-1.0,0.454,1.52,5.7,,,
2026-06-17T10:01:05.899875-05:00,rsi_extreme,TAC-USDT,sell,96.5,41.66,,,0.0225,True,False,,,,1,,,bull_indecisive,enter,no_data,,,,,,,,
2026-06-17T12:00:40.446456-05:00,oraclealgo,BTC-USDT,buy,,,,stale-bear,65840.5,,,,,1,2,,,bull_indecisive,no_bias,loss_sl,-1.5,-1.0,0.531,1.587,1.1,,,
2026-06-17T12:29:19.420875-05:00,rsi_extreme,MITO-USDT,sell,90.3,34.81,,,0.0291,True,False,,,,1,48.5,trending_strong,bull_indecisive,enter,loss_sl,-5.0,-1.0,3.127,6.289,1.2,yes,loss_sl,-1.0
2026-06-17T15:01:29.030165-05:00,oraclealgo,BTC-USDT,sell,,,,stale-bear,64233.5,,,,,1,3,,,bull_indecisive,no_bias,tp_then_be,1.0,0.667,3.06,0.888,67.2,,,
2026-06-17T15:01:29.582543-05:00,oraclealgo,BTC-USDT,sell,,,BOS,stale-bear,64225.5,,,,,2,4,,,bull_indecisive,no_bias,tp_then_be,1.0,0.667,3.048,0.9,67.2,,,
2026-06-18T00:00:32.581704-05:00,oraclealgo,BTC-USDT,sell,,,BOS,stale-bear,63850.5,,,,,1,5,,,bull_ranging_calm,no_bias,tp_then_be,1.0,0.667,2.478,1.249,48.2,,,
2026-06-18T11:01:18.279677-05:00,oraclealgo,BTC-USDT,sell,,,BOS,stale-bear,62507.2,,,,,1,5,,,bull_ranging_calm,no_bias,loss_sl,-1.5,-1.0,0.383,1.851,31.9,,,
2026-06-19T02:51:05.335103-05:00,rsi_extreme,HEI-USDT,sell,90.2,64.29,,,0.1381,True,False,,,,1,55.7,trending_strong,bear_ranging_calm,enter,loss_sl,-5.0,-1.0,3.758,5.402,0.8,yes,loss_sl,-1.0
2026-06-19T23:59:05.501203-05:00,rsi_extreme,AXS-USDT,sell,90.0,24.39,,,1.16,True,False,,,,1,49.6,trending_strong,bear_ranging_calm,enter,loss_sl,-5.0,-1.0,3.836,6.034,17.2,yes,loss_sl,-1.0
2026-06-20T01:00:10.368128-05:00,oraclealgo,BTC-USDT,buy,,,,stale-bear,63640.8,,,,,1,1,,,bear_ranging_calm,no_bias,open,1.998,1.332,2.111,0.701,54.4,,,
2026-06-20T05:57:54.421785-05:00,rsi_extreme,BEL-USDT,sell,90.0,64.8,,,0.1814,True,False,,,,1,47.5,trending_strong,bear_ranging_calm,enter,tp_then_be,2.5,0.5,6.158,2.861,0.3,yes,tp_then_be,0.5
2026-06-20T13:58:39.544622-05:00,rsi_extreme,MANA-USDT,sell,90.0,21.61,,,0.0809,True,False,,,,1,60.8,trending_strong,bear_ranging_calm,enter,tp_then_be,2.5,0.5,5.056,0.185,6.2,yes,win_full,1.5
2026-06-20T15:01:07.453246-05:00,oraclealgo,BTC-USDT,buy,,,BOS,stale-bear,63919.5,,,,,1,2,,,bear_ranging_calm,no_bias,open,1.551,1.034,1.665,1.017,40.4,,,
2026-06-20T19:02:20.634146-05:00,rsi_extreme,RESOLV-USDT,sell,90.3,43.4,,,0.0211,True,False,,,,1,47.4,trending_strong,bear_ranging_calm,enter,win_full,7.5,1.5,10.427,1.28,0.2,yes,win_full,1.5
2026-06-20T20:58:43.306509-05:00,rsi_extreme,HOME-USDT,buy,14.9,-19.2,,,0.0196,True,False,,,,1,37.3,trending_strong,bear_ranging_calm,enter,win_full,7.5,1.5,10.867,1.48,18.7,yes,win_full,1.5
2026-06-20T23:00:51.914512-05:00,oraclealgo,BTC-USDT,buy,,,BOS,stale-bear,64388.6,,,,,1,3,,,bear_ranging_calm,no_bias,loss_sl,-1.5,-1.0,0.31,1.638,19.5,,,
2026-06-20T23:42:07.123654-05:00,rsi_extreme,BTR-USDT,sell,94.9,46.1,,,0.0266,True,False,,,,1,63.1,trending_strong,bear_ranging_calm,enter,tp_then_be,2.5,0.5,5.301,4.361,0.9,yes,loss_sl,-1.0
2026-06-21T12:25:42.927632-05:00,rsi_extreme,STO-USDT,sell,90.8,32.09,,,0.0636,True,False,,,,1,28.3,trending_moderate,bull_ranging_calm,enter,win_full,7.5,1.5,10.786,0.0,0.2,yes,win_full,1.5
2026-06-21T16:01:12.884232-05:00,oraclealgo,BTC-USDT,sell,,,MSS,stale-bear,63808.3,,,,,1,2,,,bull_ranging_calm,no_bias,loss_sl,-1.5,-1.0,0.844,1.579,4.4,,,
2026-06-21T17:00:49.986412-05:00,rsi_extreme,XAG-USDT,buy,14.0,-1.72,,,64.08,True,True,,,,1,,,bear_ranging_calm,enter,no_data,,,,,,,,
2026-06-21T19:01:25.965386-05:00,oraclealgo,BTC-USDT,sell,,,,bear,63351.7,,,,,1,3,,,bear_ranging_calm,enter,loss_sl,-1.5,-1.0,0.065,1.704,1.3,,,
2026-06-21T21:00:15.699685-05:00,oraclealgo,BTC-USDT,buy,,,,bear,64641.6,,,,,1,4,,,bull_ranging_calm,counter_bias,open,0.416,0.278,0.53,1.186,10.4,,,
2026-06-21T21:00:16.247251-05:00,oraclealgo,BTC-USDT,buy,,,MSS,bear,64641.6,,,,,2,5,,,bull_ranging_calm,counter_bias,open,0.416,0.278,0.53,1.186,10.4,,,
2026-06-22T02:39:46.346752-05:00,rsi_extreme,UB-USDT,sell,90.0,63.48,,bear,0.1429,True,False,True,,,1,63.9,trending_strong,bull_ranging_calm,enter,tp_then_be,2.5,0.5,12.526,3.093,1.0,yes,win_full,1.5
2026-06-22T04:13:43.370802-05:00,rsi_extreme,ZEST-USDT,sell,92.0,28.95,,,0.3243,True,False,,,,1,53.1,trending_strong,bull_ranging_calm,enter,win_full,7.5,1.5,10.971,0.278,1.2,yes,win_full,1.5
2026-06-22T05:49:16.384852-05:00,rsi_extreme,SOLAYER-USDT,sell,91.9,26.99,,,0.0847,True,False,,,,1,,,bull_ranging_calm,enter,no_data,,,,,,,,
