ts,source,symbol,side,rsi_value,change_24h,oracle_type,btc_bias,entry_price,f_strength,f_chase,f_regime,confirm_would_fire,confluence_count,repeat_n,adx_value,adx_regime,btc_adx_regime,decision
2026-06-06T05:26:11.311262-05:00,rsi_extreme,ALLO-USDT,sell,90.3,95.24,,bear,,True,False,True,,,,,,,enter
2026-06-06T05:35:50.699091-05:00,rsi_extreme,BLUAI-USDT,sell,90.4,57.58,,bear,,True,False,True,,,,,,,enter
2026-06-06T07:31:32.222865-05:00,rsi_extreme,ALLO-USDT,sell,91.1,101.57,,bull,,True,False,False,,,,,,,enter
2026-06-06T11:06:43.020847-05:00,rsi_extreme,ALLO-USDT,sell,90.1,137.98,,bull,,True,False,False,,,,,,,enter
2026-06-06T13:06:49.613903-05:00,rsi_extreme,ALLO-USDT,sell,90.0,123.24,,bull,,True,False,False,,,,,,,enter
2026-06-06T13:36:28.303713-05:00,rsi_extreme,SKYAI1-USDT,sell,90.1,76.74,,bull,,True,False,False,,,,,,,enter
2026-06-06T15:36:17.040884-05:00,rsi_extreme,SKYAI1-USDT,sell,91.8,86.13,,,,True,False,,,,,,,,enter
2026-06-06T19:45:34.319733-05:00,rsi_extreme,BLESS-USDT,sell,92.4,66.13,,,,True,False,,,,,,,,enter
2026-06-07T04:01:00.217849-05:00,oraclealgo,BTC-USDT,buy,,,,,62752.6,,,,,1,,,,,no_bias
2026-06-07T11:45:23.789640-05:00,rsi_extreme,VELVET-USDT,sell,90.4,47.41,,,,True,False,,,,,,,,enter
2026-06-07T12:41:22.858131-05:00,oraclealgo,BTC-USDT,sell,,,,,62205.4,,,,,1,,,,,no_bias
2026-06-07T15:00:59.807511-05:00,oraclealgo,BTC-USDT,sell,,,MSS,,61199.6,,,,,1,,,,,no_bias
2026-06-07T18:00:54.280804-05:00,oraclealgo,BTC-USDT,buy,,,MSS,,62929.0,,,,,1,,,,,no_bias
2026-06-08T06:04:14.003558-05:00,rsi_extreme,MOVE-USDT,sell,91.1,37.79,,,,True,False,,,,,,,,enter
2026-06-08T12:10:11.563692-05:00,rsi_extreme,VELVET-USDT,sell,90.2,53.48,,,,True,False,,,,,,,,enter
2026-06-08T21:19:10.207959-05:00,rsi_extreme,SAHARA-USDT,buy,14.9,-47.41,,,,True,False,,,,,,,,enter
2026-06-08T23:20:49.151423-05:00,rsi_extreme,SAHARA-USDT,buy,11.8,-60.15,,,,True,False,,,,,,,,enter
2026-06-09T01:20:17.565014-05:00,rsi_extreme,SAHARA-USDT,buy,14.9,-56.07,,,,True,False,,,,,,,,enter
2026-06-09T09:00:51.403133-05:00,oraclealgo,BTC-USDT,sell,,,MSS,,62305.0,,,,,1,,,,,no_bias
2026-06-09T10:01:25.958954-05:00,oraclealgo,BTC-USDT,sell,,,,,61371.1,,,,,1,,,,,no_bias
2026-06-10T07:10:50.020188-05:00,rsi_extreme,HMSTR-USDT,sell,90.2,30.42,,,,True,False,,,,,,,,enter
2026-06-10T09:21:25.971958-05:00,rsi_extreme,HMSTR-USDT,sell,90.5,38.47,,,,True,False,,,,,,,,enter
2026-06-10T11:01:30.811115-05:00,oraclealgo,BTC-USDT,buy,,,,bull,62522.6,,,,,1,,,,,enter
2026-06-10T11:20:37.467427-05:00,rsi_extreme,HMSTR-USDT,sell,94.5,44.5,,bull,,True,False,False,,,,,,,enter
2026-06-10T21:10:28.695462-05:00,rsi_extreme,AIO-USDT,sell,91.7,86.69,,,,True,False,,,,,,,,enter
2026-06-11T04:00:58.518825-05:00,oraclealgo,BTC-USDT,buy,,,MSS,stale-bull,62898.6,,,,,1,,,,,no_bias
2026-06-11T11:33:35.081994-05:00,rsi_extreme,TRX-USDT,buy,14.6,-2.91,,,0.31552,True,True,,,,1,18.9,ranging_calm,bear_indecisive,enter
2026-06-12T02:00:18.697086-05:00,oraclealgo,BTC-USDT,sell,,,MSS,stale-bull,62958.0,,,,,1,,,,bear_ranging_calm,no_bias
2026-06-12T05:35:44.505366-05:00,rsi_extreme,TRUMP-USDT,sell,90.3,28.09,,,2.177,True,False,,,,1,40.0,trending_strong,bear_ranging_calm,enter
2026-06-12T21:47:47.561674-05:00,rsi_extreme,SIREN-USDT,buy,14.9,-30.39,,,0.3444,True,False,,,,1,40.9,trending_strong,bear_ranging_calm,enter
2026-06-12T23:48:49.669582-05:00,rsi_extreme,SIREN-USDT,buy,8.8,-56.89,,,0.2089,True,False,,,,2,48.9,trending_strong,bear_ranging_calm,repeat_alert
2026-06-13T00:26:37.086623-05:00,rsi_extreme,AXL-USDT,sell,90.0,21.85,,,0.0519,True,False,,,,1,,,bear_ranging_calm,enter
2026-06-13T01:48:40.266685-05:00,rsi_extreme,SIREN-USDT,buy,10.8,-67.06,,,0.1623,True,False,,,,3,54.5,trending_strong,bear_ranging_calm,repeat_alert
2026-06-13T03:49:39.683099-05:00,rsi_extreme,SIREN-USDT,buy,14.5,-73.05,,,0.1346,True,False,,,,4,61.0,trending_strong,bear_ranging_calm,repeat_alert
2026-06-13T05:50:46.806269-05:00,rsi_extreme,SIREN-USDT,buy,14.3,-75.7,,,0.123,True,False,,,,5,64.0,trending_strong,bear_ranging_calm,repeat_alert
2026-06-13T06:01:21.884078-05:00,oraclealgo,BTC-USDT,buy,,,MSS,stale-bull,63803.5,,,,,1,,,,bear_ranging_calm,no_bias
2026-06-13T07:51:45.720187-05:00,rsi_extreme,SIREN-USDT,buy,14.4,-75.23,,,0.1248,True,False,,,,6,64.8,trending_strong,bear_ranging_calm,repeat_alert
2026-06-13T09:10:10.907718-05:00,rsi_extreme,TAO-USDT,sell,90.0,21.87,,,259.89,True,False,,,,1,43.9,trending_strong,bear_ranging_calm,enter
2026-06-13T17:00:09.447964-05:00,oraclealgo,BTC-USDT,buy,,,BOS,stale-bull,64441.4,,,,,1,,,,bear_ranging_calm,no_bias
2026-06-13T17:42:53.558989-05:00,rsi_extreme,SIREN-USDT,buy,15.0,-76.12,,,0.1158,True,False,,,,7,71.6,trending_strong,bear_ranging_calm,repeat_alert
2026-06-13T18:01:37.563936-05:00,rsi_extreme,KAITO-USDT,sell,91.2,16.93,,,0.4876,True,False,,,,1,48.8,trending_strong,bear_ranging_calm,enter
2026-06-14T03:21:04.234389-05:00,rsi_extreme,TSTBSC-USDT,buy,13.8,-18.38,,,0.014,True,False,,,,1,30.8,trending_strong,bear_ranging_calm,enter
2026-06-14T06:09:01.794851-05:00,rsi_extreme,SIREN-USDT,buy,14.9,-47.1,,,0.068,True,False,,,,3,62.6,trending_strong,bear_ranging_calm,repeat_alert
2026-06-14T08:10:29.505772-05:00,rsi_extreme,ZKC-USDT,sell,90.0,33.26,,,0.065,True,False,,,,1,51.7,trending_strong,bear_ranging_calm,enter
2026-06-14T08:20:58.599778-05:00,rsi_extreme,SIREN-USDT,buy,15.0,-50.14,,,0.0639,True,False,,,,3,56.0,trending_strong,bear_ranging_calm,repeat_alert
2026-06-14T10:00:26.574721-05:00,oraclealgo,BTC-USDT,sell,,,MSS,stale-bull,64016.1,,,,,1,,,,bear_ranging_calm,no_bias
2026-06-14T10:39:47.799138-05:00,rsi_extreme,SIREN-USDT,buy,15.0,-54.87,,,0.058,True,False,,,,4,55.7,trending_strong,bear_ranging_calm,repeat_alert
2026-06-14T12:07:19.271918-05:00,rsi_extreme,EVAA-USDT,sell,90.0,52.37,,,0.5938,True,False,,,,1,56.6,trending_strong,bear_ranging_calm,enter
2026-06-14T13:00:43.412854-05:00,oraclealgo,BTC-USDT,sell,,,,stale-bull,63720.1,,,,,1,,,,bear_ranging_calm,no_bias
2026-06-14T13:26:47.873277-05:00,rsi_extreme,SIREN-USDT,buy,15.0,-60.4,,,0.0505,True,False,,,,5,58.3,trending_strong,bear_ranging_calm,repeat_alert
2026-06-14T14:06:53.431756-05:00,rsi_extreme,EVAA-USDT,sell,90.9,58.43,,,0.6334,True,False,,,,2,57.8,trending_strong,bear_ranging_calm,repeat_alert
2026-06-14T15:27:08.583486-05:00,rsi_extreme,SIREN-USDT,buy,13.2,-66.88,,bear,0.0421,True,False,False,,,6,58.0,trending_strong,bear_ranging_calm,repeat_alert
2026-06-14T15:28:30.248070-05:00,rsi_extreme,PUFFER-USDT,sell,91.6,48.65,,bear,0.0215,True,False,True,,,1,61.7,trending_strong,bear_ranging_calm,enter
2026-06-14T16:07:21.201945-05:00,rsi_extreme,EVAA-USDT,sell,94.6,82.29,,bear,0.7206,True,False,True,,,3,60.5,trending_strong,bear_ranging_calm,repeat_alert
2026-06-14T17:00:54.318545-05:00,oraclealgo,BTC-USDT,buy,,,,bear,65313.9,,,,,1,,,,bear_ranging_calm,counter_bias
2026-06-14T17:00:54.866569-05:00,oraclealgo,BTC-USDT,buy,,,MSS,bear,65313.9,,,,,2,,,,bear_ranging_calm,counter_bias
2026-06-14T17:28:10.585468-05:00,rsi_extreme,SIREN-USDT,buy,12.3,-66.61,,bear,0.0404,True,False,False,,,7,60.4,trending_strong,bear_ranging_calm,repeat_alert
2026-06-14T17:41:49.059364-05:00,rsi_extreme,OPG-USDT,sell,90.3,73.79,,bear,0.305,True,False,True,,,1,58.0,trending_strong,bear_ranging_calm,enter
2026-06-14T19:09:42.631180-05:00,rsi_extreme,XAG-USDT,sell,90.0,3.29,,bull,70.4,True,True,False,,,1,,,bear_indecisive,enter
2026-06-14T19:52:11.022698-05:00,rsi_extreme,OPG-USDT,sell,90.0,74.87,,bull,0.3125,True,False,False,,,2,61.6,trending_strong,bear_indecisive,repeat_alert
2026-06-14T23:50:09.931553-05:00,rsi_extreme,ZRO-USDT,sell,90.1,11.61,,bull,1.05,True,True,False,,,1,35.3,trending_strong,bull_indecisive,enter
2026-06-15T02:12:18.228115-05:00,rsi_extreme,ZRO-USDT,sell,90.1,15.55,,bull,1.07,True,False,False,,,2,46.3,trending_strong,bull_indecisive,repeat_alert
2026-06-15T05:07:50.162184-05:00,rsi_extreme,AAVE-USDT,sell,90.0,11.31,,,73.84,True,True,,,,1,54.2,trending_strong,bull_indecisive,enter
2026-06-15T06:37:29.595609-05:00,rsi_extreme,ZRO-USDT,sell,90.6,24.35,,,1.16,True,False,,,,3,54.8,trending_strong,bull_indecisive,repeat_alert
2026-06-15T17:20:51.619826-05:00,rsi_extreme,XRP-USDT,sell,90.5,12.98,,,1.249,True,False,,,,1,60.6,trending_strong,bull_trending_moderate,enter
2026-06-15T17:20:57.002624-05:00,rsi_extreme,XLM-USDT,sell,90.3,24.31,,,0.217,True,False,,,,1,56.6,trending_strong,bull_trending_moderate,enter
2026-06-15T17:21:01.550540-05:00,rsi_extreme,ETH-USDT,sell,90.8,10.9,,,1807.61,True,True,,,,1,54.9,trending_strong,bull_trending_moderate,enter
2026-06-15T17:21:04.383478-05:00,rsi_extreme,ZRO-USDT,sell,91.4,29.34,,,1.19,True,False,,,,4,53.3,trending_strong,bull_trending_moderate,repeat_alert
2026-06-15T22:00:59.592118-05:00,oraclealgo,BTC-USDT,sell,,,,htf_bull,65668.8,,,,,1,,,,bull_trending_moderate,counter_bias
2026-06-16T12:52:06.174201-05:00,rsi_extreme,SENT-USDT,sell,90.2,33.46,,bear,0.0203,True,False,True,,,1,54.1,trending_strong,bull_trending_moderate,enter
2026-06-16T14:53:33.859348-05:00,rsi_extreme,SENT-USDT,sell,91.5,40.23,,bear,0.0209,True,False,True,,,2,58.8,trending_strong,bull_trending_moderate,repeat_alert
2026-06-17T05:13:49.743607-05:00,oraclealgo,BTC-USDT,sell,,,MSS,stale-bear,64863.1,,,,,1,,,,bull_indecisive,no_bias
2026-06-17T10:01:05.899875-05:00,rsi_extreme,TAC-USDT,sell,96.5,41.66,,,0.0225,True,False,,,,1,,,bull_indecisive,enter
2026-06-17T12:00:40.446456-05:00,oraclealgo,BTC-USDT,buy,,,,stale-bear,65840.5,,,,,1,,,,bull_indecisive,no_bias
2026-06-17T12:29:19.420875-05:00,rsi_extreme,MITO-USDT,sell,90.3,34.81,,,0.0291,True,False,,,,1,48.5,trending_strong,bull_indecisive,enter
2026-06-17T15:01:29.030165-05:00,oraclealgo,BTC-USDT,sell,,,,stale-bear,64233.5,,,,,1,,,,bull_indecisive,no_bias
2026-06-17T15:01:29.582543-05:00,oraclealgo,BTC-USDT,sell,,,BOS,stale-bear,64225.5,,,,,2,,,,bull_indecisive,no_bias
2026-06-18T00:00:32.581704-05:00,oraclealgo,BTC-USDT,sell,,,BOS,stale-bear,63850.5,,,,,1,,,,bull_ranging_calm,no_bias
2026-06-18T11:01:18.279677-05:00,oraclealgo,BTC-USDT,sell,,,BOS,stale-bear,62507.2,,,,,1,,,,bull_ranging_calm,no_bias
2026-06-19T02:51:05.335103-05:00,rsi_extreme,HEI-USDT,sell,90.2,64.29,,,0.1381,True,False,,,,1,55.7,trending_strong,bear_ranging_calm,enter
2026-06-19T23:59:05.501203-05:00,rsi_extreme,AXS-USDT,sell,90.0,24.39,,,1.16,True,False,,,,1,49.6,trending_strong,bear_ranging_calm,enter
2026-06-20T01:00:10.368128-05:00,oraclealgo,BTC-USDT,buy,,,,stale-bear,63640.8,,,,,1,,,,bear_ranging_calm,no_bias
2026-06-20T05:57:54.421785-05:00,rsi_extreme,BEL-USDT,sell,90.0,64.8,,,0.1814,True,False,,,,1,47.5,trending_strong,bear_ranging_calm,enter
2026-06-20T13:58:39.544622-05:00,rsi_extreme,MANA-USDT,sell,90.0,21.61,,,0.0809,True,False,,,,1,60.8,trending_strong,bear_ranging_calm,enter
2026-06-20T15:01:07.453246-05:00,oraclealgo,BTC-USDT,buy,,,BOS,stale-bear,63919.5,,,,,1,,,,bear_ranging_calm,no_bias
2026-06-20T19:02:20.634146-05:00,rsi_extreme,RESOLV-USDT,sell,90.3,43.4,,,0.0211,True,False,,,,1,47.4,trending_strong,bear_ranging_calm,enter
2026-06-20T20:58:43.306509-05:00,rsi_extreme,HOME-USDT,buy,14.9,-19.2,,,0.0196,True,False,,,,1,37.3,trending_strong,bear_ranging_calm,enter
2026-06-20T23:00:51.914512-05:00,oraclealgo,BTC-USDT,buy,,,BOS,stale-bear,64388.6,,,,,1,,,,bear_ranging_calm,no_bias
2026-06-20T23:42:07.123654-05:00,rsi_extreme,BTR-USDT,sell,94.9,46.1,,,0.0266,True,False,,,,1,63.1,trending_strong,bear_ranging_calm,enter
2026-06-21T12:25:42.927632-05:00,rsi_extreme,STO-USDT,sell,90.8,32.09,,,0.0636,True,False,,,,1,28.3,trending_moderate,bull_ranging_calm,enter
2026-06-21T16:01:12.884232-05:00,oraclealgo,BTC-USDT,sell,,,MSS,stale-bear,63808.3,,,,,1,,,,bull_ranging_calm,no_bias
2026-06-21T17:00:49.986412-05:00,rsi_extreme,XAG-USDT,buy,14.0,-1.72,,,64.08,True,True,,,,1,,,bear_ranging_calm,enter
2026-06-21T19:01:25.965386-05:00,oraclealgo,BTC-USDT,sell,,,,bear,63351.7,,,,,1,,,,bear_ranging_calm,enter
2026-06-21T21:00:15.699685-05:00,oraclealgo,BTC-USDT,buy,,,,bear,64641.6,,,,,1,,,,bull_ranging_calm,counter_bias
2026-06-21T21:00:16.247251-05:00,oraclealgo,BTC-USDT,buy,,,MSS,bear,64641.6,,,,,2,,,,bull_ranging_calm,counter_bias
2026-06-22T02:39:46.346752-05:00,rsi_extreme,UB-USDT,sell,90.0,63.48,,bear,0.1429,True,False,True,,,1,63.9,trending_strong,bull_ranging_calm,enter
2026-06-22T04:13:43.370802-05:00,rsi_extreme,ZEST-USDT,sell,92.0,28.95,,,0.3243,True,False,,,,1,53.1,trending_strong,bull_ranging_calm,enter
2026-06-22T05:49:16.384852-05:00,rsi_extreme,SOLAYER-USDT,sell,91.9,26.99,,,0.0847,True,False,,,,1,,,bull_ranging_calm,enter
